<?xml version="1.0" encoding="UTF-8"?>
<!DOCTYPE mapper PUBLIC "-//mybatis.org//DTD Mapper 3.0//EN" "http://mybatis.org/dtd/mybatis-3-mapper.dtd">
<mapper namespace="com.example.mes.WorkshopStorage.mapper.ShelfMapper">

    <select id="getCount" resultType="java.lang.Integer">
        select count(*) from storage_shelf where is_deleted="0"
    </select>
    <select id="getCountById" resultType="java.lang.Integer">
        select count(*) from storage_shelf where is_deleted="0" and storage_id=#{storage_id}
    </select>
    <select id="selectAll"  resultType="com.example.mes.WorkshopStorage.vo.ShelfVo">
        select id,created_by,created_time,types from storage_shelf where is_deleted="0" order by id limit #{start},#{num}
    </select>
    <select id="selectAllById"  resultType="com.example.mes.WorkshopStorage.vo.ShelfVo">
        select id,created_by,created_time,types from storage_shelf where is_deleted="0" and storage_id=#{storage_id} order by id limit #{start},#{num}
    </select>
    <select id="getShelfNumByStorageId" resultType="java.lang.Integer">
        select count(*) from storage_shelf where is_deleted="0" and storage_id=#{storage_id}
    </select>
    <select id="getById" resultType="com.example.mes.WorkshopStorage.vo.ShelfVo">
        select id,types,created_time,created_by from storage_shelf where is_deleted="0" and storage_id=#{storage_id} and id=#{id}
    </select>
    <select id="insert" parameterType="com.example.mes.WorkshopStorage.vo.ShelfVo">
        insert into storage_shelf values (#{uuid},#{id},#{storage_id},#{types},#{status},#{is_deleted},#{created_time},#{created_by},#{modified_time},#{modified_by})
    </select>
    <update id="delete">
        update storage_shelf set is_deleted="1",modified_by=#{user},modified_time=#{modified_time} where storage_id=#{storage_id} and id=#{id} and is_deleted="0"
    </update>
</mapper>